{
   "type":"recipe",

   "work_units"  : 3,
   "recipe_name" : "Green Dining Table Cloth",
   "description" : "The most elegant of tables.",
   "flavor"      : "Better make sure it matches the curtains!",
   "portrait"    : "/colors-extradecorentities/furniture/dining_table_cloth/dining_table_cloth_green/dining_table_cloth_green.png",
   "level_requirement" : 2,

   "ingredients": [
      {
         "material" : "wood resource",
         "count" : 2
      },
	  {
         "material" : "blue cloth resource",
         "count" : 1
      }
  ],
  "produces": [
      {
         "item":"colors-extradecor:dining_table_cloth_green"
      }
  ]
}
