{
   "type": "entity",
   "components": {
      "model_variants": {
         "default": {
            "models": [
               "file(~name~_~color~.qb)"
            ]
         }
      },
      "unit_info": {
         "name": "~hrcolor~ ~hrname~",
         "description": "Sitting down to eat is a sign of civilization.",
         "icon" : "file(~name~_~color~.png)"
      },
      "stonehearth:material" : {
         "tags" : "wood furniture ~color~ crafted"
      },
      "mob" : {
         "model_origin" : { "x": 0, "y": 0, "z": 0 },
         "region_origin" : { "x": 0.5, "y": 0, "z": 0.5 }
      }
   }
}