{
   "mixins" : "file(~name~_~color~_ghost.json)",
   "components": {
      "stonehearth:entity_forms" : {
         "iconic_form" : "file(~name~_~color~_iconic.json)",
         "ghost_form" : "file(~name~_~color~_ghost.json)",
         "placeable_on_ground" : true
      },
      "region_collision_shape": {
         "region": [
            {
               "min" : { "x" : -0.5, "y" : 0, "z" : -0.5 },
               "max" : { "x" :  1.5, "y" : 1, "z" :  1.5 }
            }
         ]
      }
   }
}