{
   "type": "entity",
   "components": {
      "model_variants": {
         "default": {
            "models": [
               "file(dining_table_cloth_orange.qb)"
            ]
         }
      },
      "unit_info": {
         "name": "Orange Dining Table Cloth",
         "description": "Sitting down to eat is a sign of civilization.",
         "icon" : "file(dining_table_cloth_orange.png)"
      },
      "stonehearth:material" : {
         "tags" : "wood furniture orange crafted"
      },
      "mob" : {
         "model_origin" : { "x": 0, "y": 0, "z": 0 },
         "region_origin" : { "x": 0.5, "y": 0, "z": 0.5 }
      }
   }
}
